avgjsd,avgunc,stdjsd,stdunc,minnvisit,avgvist,stdvisit
0.26479717331216895,0.8158588335769038,0.1576456036880775,0.14905652663515825,0.0,14.166666666666666,10.761298971571952
